order_lex1,order_lex2,order_lex3,order_lex4
Novel10.jpg,Novel12.jpg,Novel6.jpg,Novel14.jpg
Novel15.jpg,Novel3.jpg,Novel19.jpg,Novel23.jpg
Novel18.jpg,Novel19.jpg,Novel13.jpg,Novel27.jpg
Novel3.jpg,Novel4.jpg,Novel23.jpg,Novel5.jpg
Novel6.jpg,Novel14.jpg,Novel7.jpg,Novel15.jpg
Novel21.jpg,Novel2.jpg,Novel1.jpg,Novel7.jpg
Novel24.jpg,Novel13.jpg,Novel26.jpg,Novel22.jpg
Novel8.jpg,Novel20.jpg,Novel5.jpg,Novel3.jpg
Novel28.jpg,Novel6.jpg,Novel11.jpg,Novel10.jpg
Novel20.jpg,Novel26.jpg,Novel27.jpg,Novel6.jpg
Novel4.jpg,Novel17.jpg,Novel15.jpg,Novel9.jpg
Novel12.jpg,Novel18.jpg,Novel18.jpg,Novel17.jpg
Novel19.jpg,Novel1.jpg,Novel16.jpg,Novel11.jpg
Novel23.jpg,Novel10.jpg,Novel14.jpg,Novel28.jpg
Novel14.jpg,Novel5.jpg,Novel12.jpg,Novel16.jpg
Novel1.jpg,Novel28.jpg,Novel20.jpg,Novel13.jpg
Novel13.jpg,Novel5.jpg,Novel14.jpg,Novel6.jpg
Novel6.jpg,Novel28.jpg,Novel21.jpg,Novel7.jpg
Novel19.jpg,Novel23.jpg,Novel28.jpg,Novel5.jpg
Novel27.jpg,Novel20.jpg,Novel1.jpg,Novel1.jpg
Novel28.jpg,Novel10.jpg,Novel15.jpg,Novel27.jpg
Novel4.jpg,Novel14.jpg,Novel10.jpg,Novel14.jpg
Novel23.jpg,Novel4.jpg,Novel5.jpg,Novel15.jpg
Novel18.jpg,Novel9.jpg,Novel3.jpg,Novel4.jpg
Novel9.jpg,Novel21.jpg,Novel26.jpg,Novel22.jpg
Novel12.jpg,Novel19.jpg,Novel23.jpg,Novel23.jpg
Novel1.jpg,Novel1.jpg,Novel27.jpg,Novel10.jpg
Novel7.jpg,Novel25.jpg,Novel7.jpg,Novel17.jpg
Novel11.jpg,Novel3.jpg,Novel17.jpg,Novel26.jpg
Novel10.jpg,Novel26.jpg,Novel13.jpg,Novel11.jpg
Novel24.jpg,Novel12.jpg,Novel16.jpg,Novel9.jpg
Novel8.jpg,Novel7.jpg,Novel18.jpg,Novel2.jpg
